{
  "param_name": "dropout",
  "values": [
    0.0,
    0.1
  ],
  "val_loss": [
    1.630711850333721,
    1.5406525895950642
  ],
  "top1": [
    0.6586210191883939,
    0.6674178718252385
  ],
  "bleu": [
    25.11872353434295,
    28.59184949903177
  ],
  "training_time_s": [
    4666.161134958267,
    4667.594394445419
  ]
}