{
  "mamba": {
    "seq_len": [
      128,
      256,
      512,
      1024,
      2048,
      4096,
      8192
    ],
    "fwd_ms": [
      36.22881571451823,
      69.71979141235352,
      133.38104883829752,
      359.49452718098956,
      523.607095082601,
      1219.4747924804688,
      2097.7307160695395
    ],
    "bwd_ms": [
      199.7066338857015,
      566.4356549580892,
      1996.768871943156,
      7600.559552510579,
      28989.14821942647,
      114007.8965028127,
      451720.8700974782
    ],
    "peak_mb": [
      175.189504,
      328.257024,
      633.028096,
      1243.545088,
      2465.10336,
      4906.778112,
      9790.782976
    ],
    "oom": [
      false,
      false,
      false,
      false,
      false,
      false,
      false
    ]
  },
  "transformer": {
    "seq_len": [
      128,
      256,
      512,
      1024,
      2048,
      4096,
      8192
    ],
    "fwd_ms": [
      1.5749136606852214,
      1.5323162078857422,
      3.5778681437174478,
      5.244970321655273,
      14.335711797078451,
      51.12830797831217,
      165.1937961578369
    ],
    "bwd_ms": [
      6.046851476033528,
      5.924542744954427,
      8.206923802693685,
      18.695990244547527,
      55.90057373046875,
      188.3880297342936,
      611.6321086883545
    ],
    "peak_mb": [
      45.803008,
      69.318144,
      115.529216,
      202.970624,
      384.669184,
      743.347712,
      1553.515008
    ],
    "oom": [
      false,
      false,
      false,
      false,
      false,
      false,
      false
    ]
  },
  "gru": {
    "seq_len": [
      128,
      256,
      512,
      1024,
      2048,
      4096,
      8192
    ],
    "fwd_ms": [
      0.7872581481933594,
      1.1550585428873699,
      2.253850301106771,
      3.911733627319336,
      7.614294687906901,
      13.885021209716797,
      27.85913149515788
    ],
    "bwd_ms": [
      2.1660327911376953,
      2.688725789388021,
      4.776159922281901,
      9.183168411254883,
      17.583767573038738,
      33.80338350931803,
      74.98820622762044
    ],
    "peak_mb": [
      41.345536,
      57.732608,
      89.36704,
      153.952256,
      283.615232,
      542.941184,
      1061.593088
    ],
    "oom": [
      false,
      false,
      false,
      false,
      false,
      false,
      false
    ]
  }
}