{
  "d_state_values": [
    4,
    8,
    16,
    32
  ],
  "val_acc": [
    0.96075,
    0.88425,
    0.96,
    0.77325
  ],
  "n_params": [
    58320,
    61392,
    67536,
    79824
  ]
}