{
  "param_name": "n_layers",
  "values": [
    2,
    4
  ],
  "val_loss": [
    1.6191810039763754,
    1.4742697788045762
  ],
  "top1": [
    0.6541247564427396,
    0.6801412438458585
  ],
  "bleu": [
    22.940304663995104,
    30.15815193468533
  ],
  "training_time_s": [
    3332.709566116333,
    6327.8029692173
  ]
}