{
  "param_name": "expand",
  "values": [
    1,
    2,
    4
  ],
  "val_loss": [
    1.7377021471236616,
    1.5406525895950642,
    1.3857052573498259
  ],
  "top1": [
    0.6304538360935577,
    0.6674178718252385,
    0.7000891927708971
  ],
  "bleu": [
    21.301022729113317,
    28.59184949903177,
    32.36747032651231
  ],
  "training_time_s": [
    3047.4802942276,
    4929.621089458466,
    49391.65132164955
  ]
}