{
  "param_name": "expand",
  "values": [
    1,
    2
  ],
  "val_loss": [
    1.7377021471236616,
    1.5406525895950642
  ],
  "top1": [
    0.6304538360935577,
    0.6674178718252385
  ],
  "bleu": [
    21.301022729113317,
    28.59184949903177
  ],
  "training_time_s": [
    2546.3680045604706,
    4383.830120563507
  ]
}